id,name,short_name,password
MDC202501,MNR Dental College,mnr_dental,mdc@202501
AB202502,AIIMS Bibinagar,aiims_bibinagar,ab@202502
SDC202503,Swarna Dental Clinic,swarna_dental,sdc@202503
2SDC202504,2Th Savers Dental Clinic,2th_savers,2sdc@202504
WAD202505,White art dentistry,white_art,wad@202505
